Temperature_C,Humidity_%,Wind_Speed_kmh,Pressure_hPa,Condition
29.96714153011233,87.98710873172004,9.598573800204948,993.9219244212261,Rainy
23.617356988288154,78.49267365825537,13.843850634275856,1004.396149892205,Rainy
31.476885381006923,61.19260739840348,8.660640632000309,1008.8639446657836,Cloudy
40.23029856408026,47.061264445888526,12.536307762887677,1031.876876573402,Sunny
22.65846625276664,73.96446627227179,-0.1489173356302853,1018.5655312453375,Cloudy
22.658630430508193,67.86970770843499,16.70634965898351,999.6451843090011,Cloudy
40.79212815507391,77.90386440055465,15.009643802897793,1017.8603628941763,Cloudy
32.67434729152909,72.70343603363939,8.463290951454475,997.5269601106163,Cloudy
20.305256140650478,80.9910543063867,20.27396534745924,1023.8269105388707,Cloudy
30.425600435859646,49.29529576878864,22.500561101012465,1008.2887534818212,Cloudy
20.365823071875376,86.34788131268651,2.139521085048207,1012.0636381126083,Cloudy
20.34270246429743,63.95199209384799,8.898201771470287,1026.2579664754219,Cloudy
27.419622715660342,101.5052174525053,8.846861201701614,1000.1283643141575,Rainy
5.86719755342202,46.21624363820864,7.480775191129083,999.0288181488701,Sunny
7.750821674869673,94.71927606330499,21.63579873545399,1007.1640067365399,Rainy
19.377124707590273,63.95821566925296,13.449390889817572,1023.3837885101932,Cloudy
14.871688796655762,46.97163992771103,12.883881269515115,997.8065392452315,Sunny
28.14247332595274,50.32228331891357,-1.0308989152540278,984.6784440188943,Sunny
15.91975924478789,53.5930538361136,20.08334424167381,1008.48841141591,Cloudy
10.876962986647085,68.48331892803833,5.0859328411722196,1018.5174079991092,Cloudy
39.65648768921554,70.45670976071,15.479461042130627,1025.0026174973882,Cloudy
22.742236995134643,48.52599992122842,17.219015503665535,1008.368386379146,Sunny
25.67528204687924,59.51290815478034,25.88526876670921,1008.88573392884,Cloudy
10.752518137865433,102.84540717223727,4.529436807047103,1024.5390073425574,Cloudy
19.556172754748175,94.55086340201423,-9.156097246566603,994.3025830030458,Rainy
26.10922589709866,68.72647339348065,16.47079635802956,1009.1147922481699,Cloudy
13.490064225776973,60.760069563364006,29.40408945208683,1014.9042388992506,Cloudy
28.75698018345672,62.40062653436522,24.911570823515497,1017.4921872128504,Cloudy
18.99361310081195,72.27035945460833,16.677275322197005,1007.9019330680911,Cloudy
22.083062502067232,39.54414869603189,11.066910514943622,1013.3444101170584,Sunny
18.98293387770603,54.852469251533094,21.456980773098483,988.1167264658701,Cloudy
43.522781845089376,26.62831852244821,7.211630402364251,1006.4175158766615,Sunny
24.865027752620662,67.98446245210559,18.810862154849755,1017.5350871255447,Cloudy
14.422890710440996,72.94391879405482,19.043761273333015,1003.1770596574532,Cloudy
33.225449121031886,50.33627075401252,23.48167925999104,1013.5898422158959,Cloudy
12.791563500289778,91.47973526580066,37.07728031128862,1017.468725008027,Cloudy
27.088635950047554,35.484686739953176,18.139327737430136,1009.5745079914224,Sunny
5.403298761202244,30.712502395803597,10.92829099434001,1014.7046377099657,Sunny
11.718139511015695,64.48903637119945,14.795405502464044,1003.3726743471539,Cloudy
26.968612358691235,80.94196605224309,0.847392760887054,1010.9338872030395,Cloudy
32.38466579995411,93.67855382915738,9.442294951287534,1019.1021616958923,Cloudy
26.713682811899705,50.8223147426212,11.725740495095168,1014.5697296096844,Sunny
23.843517176117594,81.57361666862592,10.80729281652326,1007.1346873043607,Rainy
21.988963044107113,59.229830609985854,16.218838976269776,1015.2421640429079,Sunny
10.214780096325725,56.54745400118361,8.420640540942395,1020.1460979063662,Sunny
17.801557916052914,77.67319874973344,23.96824533859577,992.5005872142252,Rainy
20.393612290402125,73.0464575682684,15.001656519345577,1024.590740649559,Cloudy
35.57122226218915,28.47215686031501,14.925597430891084,1009.6374526131892,Sunny
28.436182895684613,89.53080699451792,12.376842267896658,1017.2548993324023,Cloudy
7.36959844637266,87.60182708294903,16.24152547087183,1024.9724692364523,Cloudy
28.24083969394795,47.488745969809415,21.600786117341077,999.2832630276953,Cloudy
21.149177195836835,67.91607066874818,8.062958274312798,1005.9055899757245,Cloudy
18.230779996940413,69.88060372565478,9.735068087397947,1010.114513041243,Cloudy
31.11676288840868,65.21347531647814,12.570191769786682,1005.1624647887558,Cloudy
35.30999522495951,48.9938969230916,4.233032612214281,1030.349365758368,Sunny
34.31280119116199,46.56753264123897,8.445937122228017,1004.4322790617321,Sunny
16.607824767773614,59.488918580171095,11.190233011642729,1007.4445322051313,Sunny
21.907876241487855,83.45458038518728,21.99511344570182,1015.0438903160298,Cloudy
28.31263431403564,70.87200309188864,17.1004906320154,1000.9785047392392,Cloudy
34.75545127122359,52.58771335827788,16.548719290940355,1009.0431928824373,Sunny
20.2082576215471,75.43397421296689,21.807183697343778,1016.1745326125017,Cloudy
23.143410233361827,3.0291475873984908,13.901025692804827,1009.6713959561749,Sunny
13.936650259939718,82.97531400744207,18.123718799431117,1012.0661314110005,Cloudy
13.037933759193292,25.20572442443801,14.174225976540031,1007.7066788755163,Sunny
33.125258223941984,52.751181171937354,17.122898795197028,997.8552969081924,Sunny
38.56240028570823,37.60660210747712,10.337930739107343,1016.2159321133923,Sunny
24.27989878419666,34.106370485581884,-4.510537266211433,1030.5493307164725,Sunny
35.03532897892024,83.21653574757039,13.925766702509566,1013.1840163078343,Cloudy
28.61636025047634,50.64597597376218,26.38198508879952,1015.2526411724755,Cloudy
18.548802453948756,66.93007763461432,22.40972321793274,1019.9272275511686,Cloudy
28.613956055084138,59.06158842241632,22.723179876729365,1000.306695034533,Cloudy
40.38036566465969,69.54081654446243,24.88904577444974,1030.025146581296,Cloudy
24.641739608900483,61.536437821205105,15.7092607276915,1015.0232879642281,Cloudy
40.64643655814006,34.340155516228606,16.578525659244765,1029.318568990891,Sunny
-1.1974510408974446,79.9253363889428,10.058784836525199,1005.6696700447601,Rainy
33.21902504375224,50.12486833677375,12.471417151783601,1031.1806192255783,Sunny
25.87047068238171,28.86836202680498,19.926169198169134,1020.7515549403479,Sunny
22.009926495341325,51.43769678068175,24.63107549735053,1018.5304008585235,Cloudy
25.917607765355022,90.01519581268622,13.884429794552004,1015.3402445435315,Cloudy
5.124310853991073,77.00443484226986,11.398485881188707,1010.5147138192555,Cloudy
22.80328112162488,53.026957311842814,15.00422367085278,1025.0053165847387,Sunny
28.571125715117464,53.014845913631426,19.809653991432917,1014.4035986984804,Sunny
39.77894044741516,53.56729897565235,3.4491614709316654,993.3293029641285,Sunny
19.817297817263526,101.53495967121682,-3.369447625097905,1001.82813538293,Rainy
16.915063971068122,67.63870904463107,10.595705204067333,1011.1415424780726,Cloudy
19.982429564154636,68.60083294382139,5.234300592686731,1016.0999898316555,Cloudy
34.15402117702074,80.60566908063684,10.934878418821512,1012.434115111001,Cloudy
28.287511096596845,64.77578318053027,13.817757449460228,1025.1897078979366,Cloudy
19.702397962329613,54.819157083585935,11.374012727815893,993.4889813596137,Sunny
30.13267433113356,56.07300301830043,26.619740275765963,1014.4358793650516,Cloudy
25.970775493480403,58.56797481171872,17.61395811681856,994.8202077461284,Sunny
34.68644990532889,59.25555526980317,17.40379487688663,1020.5971229548417,Sunny
17.979469061226474,74.5525908727396,19.977657152347216,1012.05541285558,Cloudy
21.723378534022316,61.03891771614599,5.889335057753847,1017.1960997202411,Cloudy
21.078918468678424,74.65280154431159,23.31289429936215,1004.3611703941024,Cloudy
10.364850518678814,58.385668397828354,14.39388570771632,1025.7946493165775,Sunny
27.961202770645762,61.57270380632181,20.3638449379297,1023.4172466405885,Cloudy
27.610552721798893,20.035986309357845,6.425142135678756,1018.8354430301189,Sunny
25.051134566424608,78.32655349404963,2.5699298718714854,1011.7048275313656,Cloudy
22.654128666248532,66.92976951795985,21.54311726420023,1018.7985728529513,Cloudy
10.846292579495858,79.96020219719304,18.01127620878013,1005.9310743201265,Rainy
20.79354677234641,2.0748924361262127,7.783587565139917,1021.5555565902072,Sunny
21.572854834732304,101.76749409561455,8.042695349802445,1029.4948089432391,Cloudy
16.97722730778381,57.20820743689652,24.003478275318155,1023.7061055997918,Cloudy
23.38714288333991,82.16365633475033,5.484704857061377,1005.7039753019259,Rainy
29.040508568145384,39.20188145748938,28.141383626047705,1016.6141731727311,Cloudy
43.8618590121053,72.2554781012514,7.79503412281705,1000.0685845624135,Cloudy
26.74577812831839,38.93168873652688,20.107135404867066,1018.7239031117567,Cloudy
27.57550390722764,47.5246207860839,12.371052194008122,1017.5060341286254,Sunny
24.255540842338327,98.28062707733572,19.825499448658746,994.3018366046783,Rainy
5.812287847009586,56.186351984733065,10.64708798308646,1001.3821615608764,Sunny
24.73486124550783,64.34865746359446,13.697656751421647,1010.1686110325624,Cloudy
25.602302099410263,77.40135461377508,15.32735340316577,1009.9914025285917,Rainy
49.63242112485286,69.91363775945209,6.982500353748218,1000.9052306458119,Cloudy
23.076390352188774,63.00837810287153,20.926594763361006,1016.8897872935219,Cloudy
28.015473423336125,67.2992200493245,10.894291468227319,1015.5147360894051,Cloudy
24.652882302947567,108.0683117047655,13.17120067727985,1011.0573086802148,Cloudy
13.31321962380468,58.84762405932829,7.045205003131902,1005.4420849984164,Sunny
36.42822814515021,64.02198093429935,-5.498669270362484,1023.4870712641656,Cloudy
32.519330326867745,81.01308792015224,13.471777899198647,1029.554071130883,Cloudy
32.910319470430466,82.11051865915968,34.30092337290333,1008.1643851615346,Rainy
15.90612545205261,83.7406061112076,21.27683430318419,1006.8783308284518,Rainy
39.02794310936099,72.77460444058369,14.845916962124843,1017.9120766541199,Cloudy
10.981489372077192,37.13990174539033,12.896873366333859,1009.4197062025302,Sunny
30.868570938002705,92.66863064602191,15.179727142496372,1011.6060279933677,Cloudy
46.90455625809979,37.07309213962624,19.37695292140168,1020.3965315172467,Sunny
15.094636748693116,66.05270930478066,5.553497477529241,993.906439124927,Cloudy
19.33702270397228,44.914482999612844,23.914573557350977,1026.1830232485268,Cloudy
25.996513650876413,58.717233068140146,20.723050523529952,1013.7268052432934,Cloudy
19.965243458838007,66.5752482060696,20.745485805663478,1008.8850685543782,Cloudy
9.493365689338674,66.42714430900546,18.507805910477817,1012.1076584577855,Cloudy
25.685629748060272,68.4384150847057,15.15693326155192,1012.6242935502052,Cloudy
14.376962862738951,92.27422538117294,20.38288988773456,995.6879869655507,Rainy
29.735924306351816,69.0706860302796,19.734513069931026,1027.9493822745324,Cloudy
15.80575765766197,55.116867294187024,12.16767431247181,1013.4132563227062,Sunny
40.499344050175395,79.28174336576714,10.411185816824792,1017.4300213044737,Cloudy
17.167467076637628,83.78940977849281,15.814850362095893,1022.5154977057405,Cloudy
21.779384837943244,35.447843697260154,27.3921612119615,1002.788375424397,Cloudy
33.135172173696695,71.94800139699716,5.087143394768793,1017.7347189903522,Cloudy
12.691356835660448,74.02345484621796,3.25979787398048,1010.3235890910121,Cloudy
27.274599346041295,54.048729932800164,16.318086729892133,1021.467707752165,Sunny
38.07142754282428,87.51413626623238,15.407101614848145,991.7277257964851,Rainy
8.925167654387725,56.998888259349464,16.386733314963266,1012.0090569975873,Sunny
26.846338585323043,62.51152906943084,16.951625583268,1006.9717934421603,Cloudy
27.598827942484235,56.53856351432261,13.214381962921559,1017.3226295063415,Sunny
32.8182287177731,60.31158095162935,26.91890750881666,1017.700441873682,Cloudy
12.63049289121918,38.074498262095965,2.1927681721878756,1005.9237410517798,Sunny
11.795433869157236,31.198982348114114,8.372023801758033,1005.8782613582396,Sunny
30.219415656168977,91.89010126449944,14.17396191880762,1011.8933463144267,Cloudy
27.96984673233186,43.060773033633446,1.854489510766662,1004.033577726848,Sunny
27.504928503458764,40.172153010873856,13.593164764543431,1021.4198369545213,Sunny
28.464482094969757,16.932197727925704,28.291761325824147,1009.3079279955256,Cloudy
18.199752784215093,47.220765046209955,15.167091906367695,983.9301178067835,Sunny
27.322536971610035,33.53820413185004,16.845607245749466,1009.251779433782,Sunny
27.93072473298681,92.84030320272738,4.918681878619358,1002.6145617915603,Rainy
17.85648581973632,80.19634178685268,10.06910873568418,996.6872418453905,Rainy
43.65774511144757,46.236993096445524,11.998428957408503,1000.6257336177742,Sunny
29.738329209117875,105.04871610688618,12.458279225950127,1014.0940847183297,Cloudy
13.086965027973514,79.63530973983188,25.253150360030148,1026.2864082824824,Cloudy
31.565536086338298,53.50337232982755,19.461528485800997,1016.1318447386498,Sunny
15.253183297726785,10.011885702528538,6.108336344503744,1006.9349661178426,Sunny
32.87084603742452,105.81885145181484,16.97203822745604,1017.5590419517071,Cloudy
36.58595579007404,32.20855066472808,18.98577398797428,1008.4090968978101,Sunny
16.793176816482895,27.092025060862163,24.12119230817013,1006.0539963083686,Cloudy
34.63376129244322,80.45140864019281,27.64432549254699,1001.4563733176701,Rainy
29.12780926936498,108.79504812678546,6.879246465377051,995.4817119324828,Rainy
33.2206015999449,87.68545637021036,8.513139910317294,1009.1007629344056,Rainy
43.967929826539475,71.27818240104719,4.93937712868307,1014.5805348992013,Cloudy
22.546118839971296,71.89508683330573,13.12784112714415,1012.0337632998511,Cloudy
17.462638356425103,77.06831117560615,18.730866995570675,1008.8403307205264,Rainy
16.104855703744768,75.17857179573531,22.898676132712815,1003.5425393930321,Rainy
16.841897150345616,65.62382847938751,14.392391810859818,1019.0824619168496,Cloudy
24.22898290585896,62.084022079037524,12.441219813961249,999.8286808005341,Cloudy
28.411519748166437,58.74813744200955,16.214063937989923,1020.7602791384347,Sunny
27.76690799330019,44.92070822266648,8.318856786959817,1002.9778298107327,Sunny
33.27183249036024,54.38649846266452,31.716309773558187,1005.4756476264696,Cloudy
25.13001891877907,26.14086371609229,2.1387117830555304,998.3321480938432,Sunny
39.53534077157317,58.033207464105004,16.477924631165795,1007.9859785311436,Sunny
22.35343166762044,40.22817785698165,31.188849753837115,1022.7531245847798,Cloudy
52.20169166589619,37.92821365568458,15.054398756479982,1018.1562808844395,Sunny
31.25667347765006,63.59788302306957,13.479687719988044,1022.7842211202803,Cloudy
16.428424435837172,87.84004572689199,12.140436617516583,1018.2214254593393,Cloudy
14.291075019388877,78.36633212004625,13.556866545900737,1001.9633017146963,Rainy
29.824724152431852,28.58998792753646,25.982787797412243,1009.6921077567245,Cloudy
22.76537214674149,40.20743726859325,-2.6948952906360546,1005.1980087088253,Sunny
32.14000494092092,78.81542375976431,27.267469610370604,1026.3057490403903,Cloudy
29.73237624573545,40.35025212923381,3.6083427803988393,1001.0321135357369,Sunny
24.27171087343127,55.50733700005951,12.866781366124682,1021.9369768938911,Sunny
16.53206281931595,71.00104198049104,11.566044637610705,1021.9295387010877,Cloudy
9.851527753141355,40.633110902727296,19.708426158165757,1031.2962020171608,Sunny
20.53485047932979,62.107510122919194,2.2150051849300194,1008.903134073705,Cloudy
33.56398794323472,33.31949010163591,18.697381328655542,1020.1232215958016,Sunny
27.14093744130204,47.97264712097572,31.19447698629482,1035.8165183653884,Cloudy
12.542612212880119,66.39563868285074,4.094607963257516,1006.8235832306631,Cloudy
26.73180925851182,28.140125329366615,16.517649340883164,997.6495975246764,Sunny
28.853173797288367,68.80949475920798,9.704142577627128,994.1998996609224,Cloudy
16.16142563798867,59.60724402146638,18.407097649544287,1020.1271202886134,Sunny
26.53725105945528,71.04979908834295,15.153182219326016,994.1684979194141,Cloudy
25.58208718446,64.47828268129322,9.868104727645523,1009.2768094706207,Cloudy
13.570297021693769,87.28280859947688,18.902978278968593,1017.3731318703896,Cloudy
28.577873603482832,62.50449005295815,29.434784878293947,1014.8517553682991,Cloudy
30.607845263682343,51.41188917749494,13.47276966618161,1017.2544486418417,Sunny
35.830512431752766,62.44595006064568,20.758063537185457,1015.2228985580085,Cloudy
35.53802052034903,70.86596058072776,4.65381633703069,1025.7886581331338,Cloudy
11.223306320429089,60.977201406514084,7.34850898545593,1003.476836192612,Cloudy
15.621749600848773,60.811833824077645,18.779250223043018,1006.2300486154147,Cloudy
30.150352672086598,45.96016624386489,26.87292822828772,1005.2734055472918,Cloudy
30.137859509122087,46.74198164898104,17.84490679028528,1021.3019181186261,Sunny
30.15047686306048,31.94789456400613,12.495535755814766,1022.0039858839507,Sunny
63.52731490654721,94.99153486373879,14.994331243386833,1017.5122531931851,Cloudy
30.70890510693167,35.1227352921743,4.99673812824226,1024.8349366688992,Sunny
36.35565640180599,46.141896044081854,19.836122610842935,1001.2195913262362,Sunny
34.54001763493203,45.63185468861605,22.058664498587273,1029.6722411155113,Cloudy
31.51391251305798,77.89848753888883,11.383277337335358,1028.2323862171227,Cloudy
21.847307553596544,54.101006434159444,11.239662817923989,1020.3562199724574,Sunny
32.589692204932675,84.95484145347467,17.127025837216387,1030.8179890877107,Cloudy
17.27174785462428,46.530187515122634,11.506242111675236,996.4337679232223,Sunny
22.63181393259991,65.57988324447604,14.47093908299342,1007.7555186373735,Cloudy
20.146364521708964,43.293058934804854,31.797774313332123,1005.6469653931805,Cloudy
25.818741393863224,102.90298255546776,13.023794394032027,1020.2147932375734,Cloudy
48.146585666735085,36.248031619409744,12.133278783830223,1002.4985926039785,Sunny
6.3273480740825185,66.19641420454055,9.819665554918727,1020.5749514933749,Cloudy
31.862601903745134,72.67553761864197,20.953535771999494,1026.7053614399672,Cloudy
8.872841288103483,68.27598194902997,13.550206614255176,1019.95202900084,Cloudy
20.280681342105666,56.294246822445835,9.805015693428592,1015.837510236615,Sunny
35.889505969673664,57.403586005331476,25.5704322581841,1003.1212665909925,Cloudy
25.642800190954627,60.87622943958219,26.356824036109096,1004.5314903387464,Cloudy
14.22255222070694,57.05995996743023,10.196611474090359,1025.4961890529667,Sunny
17.846962907400318,79.27758233589819,0.06768038911507013,1020.7934900390533,Cloudy
31.795977489346757,104.21046003182703,23.060109518695377,1012.6098048062246,Cloudy
17.696333682828634,48.85016429984333,9.522961393919967,1008.820904542341,Sunny
27.164585895819748,32.603940408418445,21.32500479330215,992.7419212688862,Cloudy
25.455718399038137,58.2343590329749,-0.7608305416946841,1002.2914758131556,Sunny
18.48399652394183,111.59418675308638,22.140778706394475,1032.1141908713973,Cloudy
46.439440893253256,43.926508640605384,5.31062456575375,1000.1954442899753,Sunny
31.33919022318011,92.78233610888135,20.846112952532195,1014.8947982122108,Cloudy
4.748574133423929,93.55401628152882,15.114184542691472,1023.074439731952,Cloudy
26.864543147694278,48.92823516584011,7.368484644826841,1000.4507733199771,Sunny
18.38213535231612,71.37966158370551,11.743709496585756,1014.8471047478108,Cloudy
33.52433334796224,92.56793246257075,20.490547655653607,1022.3791553751065,Cloudy
17.074792615672994,52.417445180250255,15.847155624921873,1013.1249932190725,Sunny
23.85263558533101,55.92839279795277,19.675303843779872,1041.6840305566677,Sunny
30.04987278980457,48.366381721027125,30.811524676123884,996.3140074112181,Cloudy
33.657551941701215,39.704865386142664,2.486067106311589,1023.5872852988388,Sunny
12.997035929442237,47.01444909867986,27.937700599748993,1011.2719826260353,Cloudy
21.654987641590516,35.52119466475487,15.834847500185703,1020.7192015483668,Sunny
20.25054688839044,60.68166936518452,7.8097276134149745,1017.4130715169924,Cloudy
18.46670767426288,44.60053537882716,4.3574909940880815,1005.6684380289,Sunny
42.65454240281097,64.67571823581495,13.487036873783731,1015.2899639245934,Cloudy
29.049817109609556,28.882087075927455,22.373200895395676,994.4209854860171,Cloudy
12.391160456649548,66.61760464428914,13.979607036979726,1019.032475005714,Cloudy
34.17861947054776,76.6705792321785,27.08923944197878,1015.9815846599053,Cloudy
46.22156197012633,20.12528714857089,3.390594479587529,1019.386601686431,Sunny
35.32465260551147,67.48113139695144,14.903288417231563,1023.5811832508715,Cloudy
9.806300340459867,84.55337984946584,4.9808524446950475,1016.6761984020972,Cloudy
20.157659271337486,35.807179626175895,17.909055060999744,1014.4808941979827,Sunny
37.669111491866225,93.45144773675406,22.095099120778404,1004.1893166333871,Rainy
17.923305343812192,68.38038018732091,11.633905650551574,1005.8777923635095,Cloudy
29.438194281462284,45.89976288483182,-5.833710853017074,1024.8673462017732,Sunny
32.74634053429337,58.88461844684588,16.591585174371957,1027.3633540570597,Sunny
15.73069528421917,71.16653825043444,18.493908413868077,1010.6188956368794,Cloudy
24.404746439382,61.52010782824823,18.234358039693582,1013.4600274725327,Cloudy
-7.412673400690728,70.77511984892739,24.886257534577233,1003.9538562500624,Cloudy
14.756123586657102,41.586528138412675,6.431570562807609,1024.7275684526744,Sunny
22.474318486068398,63.38721648072156,20.441728843603595,1019.6541682369178,Cloudy
12.522168180351505,31.725710061900397,24.540060099823798,1032.4121743646374,Cloudy
41.32411303931635,57.775478773025995,0.7712993279478653,1004.2167692282026,Sunny
10.698586220393674,41.921847170704204,17.557214607351817,1009.2199210098179,Sunny
20.59955513303016,45.28940114820467,10.966561351938628,1015.3144592252557,Sunny
26.307405772860914,84.72186350420876,14.347818615186833,1019.4648953772577,Cloudy
39.412732890661154,81.82620241188538,17.78141186830669,1010.8433236245237,Cloudy
10.641378488205607,72.18276241814354,11.102171487091582,1004.270389095463,Cloudy
36.63163752154959,38.15374470654842,9.594335366707107,1021.8140752892357,Sunny
25.10233061019587,53.671831006103965,15.273219339904196,1020.2113536254558,Sunny
15.18491348952049,84.26195399958367,6.302032489097579,1003.8372589943627,Rainy
29.62103474263271,62.83433827279809,6.313398968918516,1026.554428011055,Cloudy
26.990596955734702,106.3865907996339,20.43498626365203,1024.701987091966,Cloudy
18.997831228412053,67.86635678788744,5.809647718730751,1014.342964972478,Cloudy
25.69802084990019,63.84098232980063,20.330500007273695,1013.7959786237603,Cloudy
21.1468640313824,53.81767071594997,18.70073034283161,1018.540577711159,Sunny
26.13517345251248,62.67081809564564,1.1935461696752263,1004.3829692974374,Cloudy
31.621306745210468,56.950603272389124,9.57948278131476,1013.3003147916409,Sunny
40.86016816145352,74.1621735337718,24.55287522437898,991.4761645539082,Cloudy
12.621845011731509,79.13404633589168,7.150675750882547,1021.7645564550294,Cloudy
46.330333746562665,44.28021078984101,11.2847659015249,997.3850677755814,Sunny
5.4791220047749825,33.37534092884444,18.696487146015173,1028.03419828429,Sunny
23.482149049644168,23.27589253793407,21.267124074260764,1009.6987990603355,Cloudy
30.883172064845766,70.15982653825087,12.987688911644035,1010.8833301806882,Cloudy
27.809918677350325,37.93266787652253,10.219918442466867,1006.7226609391549,Sunny
18.773004801794063,16.942188140950343,26.378958893588063,1010.1196112607793,Cloudy
22.918777496427246,67.77157209061929,28.91119731038063,1027.1853134514804,Cloudy
20.069990653411672,109.85999034865581,22.830864406254364,988.1219134346492,Rainy
19.106352430557884,59.878581769202135,15.682545140520192,1025.7696538608818,Sunny
33.496020970210246,76.76981548903284,8.53387422687259,1016.3802348110171,Cloudy
28.570154859650472,61.6365871709513,8.356444747547478,1000.9297835214278,Cloudy
18.07090404739346,58.02220693617715,19.18011284212606,1002.2468760695076,Sunny
33.995998754332504,78.38152965975537,18.34718576710947,1029.763930272082,Cloudy
28.072995208766095,54.194509116226975,26.212788743571437,1003.5449312005727,Cloudy
33.1286211883896,65.34784628143805,20.20360074028911,1001.4664948940404,Cloudy
31.29628841923612,66.43395612392027,2.975357585921456,1024.3731454236472,Cloudy
16.710049890779278,46.63819092713902,23.415580941783347,1016.3855287628592,Cloudy
19.398189598030307,79.84084699073045,7.015514981484697,1003.620744234636,Rainy
32.472936051232615,56.500804866091826,11.928229824381187,1015.1662497540461,Sunny
31.103702654334647,44.885096810143104,17.001601650013555,1002.7424731635972,Sunny
24.790984060358518,70.73019687140807,30.965339918271717,1024.0082139842261,Cloudy
26.17327383308782,42.030640364179256,39.87934844804289,1023.6137096487313,Cloudy
37.77664895788425,60.563623147382565,19.853784473089462,1018.3200619882194,Cloudy
19.084286111641703,59.81762006711593,13.534427050236896,1016.6166106124701,Sunny
30.47097381170038,81.71791131663156,19.276045187844403,1030.6118812486736,Cloudy
22.97807347566106,69.49396465759905,22.10124340699069,1012.9968632738822,Cloudy
22.823187967727797,59.499460825097124,12.434658995542467,1001.181258745792,Sunny
35.9877685198719,76.35532598400574,29.361690847298576,1017.4947391283231,Cloudy
33.2541634898803,87.80415098034626,16.840566073531217,1033.8604704953711,Cloudy
33.135096360006386,71.15620612703725,18.981944712731153,1002.8524050681415,Cloudy
38.05478807154329,60.20705239686761,20.32739401643569,1009.3853723330601,Cloudy
25.210038416327592,33.76327535299681,18.372692884915644,1017.1644603810146,Sunny
31.819529712949638,38.69772673849255,21.7115240037569,1012.4609515099426,Cloudy
21.89733243406544,53.89550591290665,10.061974507624615,1003.1769641962269,Sunny
28.241663524884423,47.809755956814335,10.533585968431755,1024.2185785623046,Sunny
23.698569456323153,56.26057394029108,6.198766136226441,1036.2004072201726,Sunny
25.969959649927183,61.13299849794214,18.51600984496181,1014.9613145902391,Cloudy
30.951570254369138,70.59385508713461,21.231492028096913,1003.95931710264,Cloudy
16.817793167665275,58.590024438818176,18.662182929215085,997.5103947494653,Sunny
45.92387275685461,69.73003287652404,28.3959394667803,1015.5797598122118,Cloudy
14.93982618500298,61.28948829620241,14.955231849367628,1024.0387734331625,Cloudy
12.85811387212268,20.490668672922574,20.3499332447401,1017.7516774649538,Cloudy
36.581108735000676,41.21329212362491,6.266392990885485,1012.9759615908115,Sunny
32.91662693962936,57.11824888556769,11.903202380204792,1007.1072834821069,Sunny
31.24119817052155,35.806105143177845,20.56430206052622,1002.0783636728191,Cloudy
31.2834550926428,71.9985745999241,21.79281688594515,1021.3475132632489,Cloudy
24.877532271530853,90.61501664687395,12.648264418686542,1022.1377162138558,Cloudy
16.027456285141685,84.37523703394633,14.427205985135465,997.5427021330927,Rainy
25.758045581937264,55.731142581395844,2.8570100265535245,1028.8983897818068,Sunny
18.228382884878883,89.81452273699904,12.143766393547125,1018.7407122089401,Cloudy
34.75119733417751,62.97334914404223,22.12306530815829,1026.995946451458,Cloudy
23.529426184978615,53.25828057763921,19.60164012885253,999.5787225151488,Sunny
16.745028032074885,47.7319467291812,19.005325771049677,999.3417584458456,Sunny
21.786141583470066,53.95060627023743,15.39818949744768,1011.510306902327,Sunny
29.129314542756244,52.236463629175425,15.056505269025411,1018.027844268952,Sunny
19.36275447196025,63.408324447509756,9.717430884212423,1030.9636082292695,Cloudy
16.777796044335687,63.211479620997295,20.590627361620278,1020.0607891381513,Cloudy
27.436872114919122,60.06092040306829,18.367783555115118,1010.5731872318796,Cloudy
27.449665711087228,68.73876339492699,18.936150783942395,1002.7363079233411,Cloudy
19.9305682462887,83.81292549572683,10.791721258659358,1025.3000057271915,Cloudy
20.28961694381677,78.99108270882647,-2.226743358969955,1003.3529457424928,Rainy
27.320499373576364,30.30204063100193,23.777221694029564,1029.2846855477233,Cloudy
10.519156585026758,8.921577301960902,11.169300351932767,1010.1561535039349,Sunny
10.925362256234447,78.68639822478548,8.097793887655035,1028.9058207261785,Cloudy
17.81555778747564,32.66242603169158,20.54783129531195,1019.7893129005928,Cloudy
22.865528482881526,55.50469196214633,11.863898880646964,1011.6300451055754,Sunny
28.109075655980046,36.59773947881281,23.479491072372973,1007.8060362817388,Cloudy
39.753562169495524,23.960391248399603,19.93604759661358,1009.5909212265392,Sunny
33.576596232020194,70.82925456409576,20.46855458560382,1017.2831669237523,Cloudy
23.40061470036573,75.18310320605293,4.072354310395726,1013.7715649621772,Cloudy
24.809837920973113,48.46979198546561,24.695551883091206,1007.061885919313,Cloudy
14.974706353621912,8.179154157101806,17.090004249870848,1011.3436858968237,Sunny
24.8148686400761,49.075111034950346,12.045782886030375,1013.7857702971914,Sunny
22.113413610798617,67.83608010805094,16.147107738738008,991.7126590558519,Cloudy
28.227185603380896,30.421768624517426,0.7901181368134402,1017.581681147887,Sunny
16.72769056447677,63.667198395583114,18.269222491845365,1003.2027877528319,Cloudy
30.193465142411725,59.69380301654009,6.765027934543427,1001.4666759679426,Sunny
40.32738913002578,71.58582999202177,4.1786377132517245,996.1265565288929,Cloudy
23.912398515431423,62.39160736828306,2.821126510256871,995.0610750213211,Cloudy
29.017117220989412,40.538621182368885,23.901506999919402,999.4455249688771,Cloudy
31.901439917111126,83.93143003328983,9.96589285045769,1005.9097904236951,Rainy
20.987795281141636,56.8294085394606,27.269821679331994,1032.5325913752656,Cloudy
27.24092481810417,59.45390920980136,10.713588295581618,1007.741203241048,Sunny
25.12592400781795,41.33464081853608,1.3411363392564262,1014.7775010626804,Sunny
25.97676098548832,51.134354976169796,6.067804480410727,1017.0048138650633,Sunny
17.269902161445337,42.30394571946198,24.88649296005551,1014.3106518621585,Cloudy
25.245101742589426,56.54107880153154,13.75281457650666,1012.22556539274,Sunny
29.979982912454496,94.23416960284686,10.613701628075193,1001.0470623640075,Rainy
39.51143607795042,32.56197714137287,16.2801458068223,1027.5092754827922,Sunny
34.59270826085207,27.72877204246518,19.01426188934036,1031.071966436379,Sunny
46.531824575115564,89.42340654987217,23.939190527219687,996.1734130587731,Rainy
17.326524371119504,55.81352645696268,26.587993839143408,1002.7597140911362,Cloudy
33.723206367206785,46.61854522680167,12.121850833687315,1010.20189657623,Sunny
26.833420057383517,80.79809374792153,4.391618511343694,1003.3546220508981,Rainy
46.89802933217672,47.88768920526272,11.692278711013792,1018.0596555345586,Sunny
16.917017146448487,96.52019427093873,17.08224405266309,1005.7172779759338,Rainy
16.60278157819224,73.55851742678539,7.289928590315113,1034.650560678066,Cloudy
19.00607354555978,50.24177183708595,7.342792680839657,1024.905485943436,Sunny
3.7610427569019294,103.14616426531006,17.750303052399083,1015.1257403063222,Cloudy
19.74244978319239,47.88570153993323,14.610781187436391,1023.2698626331974,Sunny
17.40867338446302,74.84190744018613,15.262375963292692,1024.059004243573,Cloudy
26.503937864762076,65.98585160812983,8.932037322399445,1007.3605251194176,Cloudy
28.417559757771595,86.03482578797596,13.156794286353861,1004.8378275545804,Rainy
43.761708392158866,91.23022393453705,7.606134845853565,1013.7814306296965,Cloudy
34.5042383818605,60.64008298131533,22.121587288998295,1021.6163612449794,Cloudy
19.23096344337597,44.93164259307633,23.28199467779002,1014.3906039865342,Cloudy
16.01585328651642,69.19944285878233,0.23049710209524932,997.23003517809,Cloudy
29.919191715065057,46.44569260495788,7.56391311846072,1004.9717555604916,Sunny
11.797667929793578,100.26774495053246,3.0277659592793675,1012.2602713640562,Cloudy
43.31458765854354,62.73070662165475,9.799808524744815,1012.2433439567417,Cloudy
36.79440120721287,52.69356897375783,14.332496241677113,1032.725421767898,Sunny
20.308243478952953,63.69360611729817,3.402838242411759,999.1401205760101,Cloudy
7.868654709091224,33.05747420940607,7.625121494997495,1018.0558924183588,Sunny
38.538723741654124,40.567719229786974,6.968341023348012,1027.891131083283,Sunny
23.85460154747382,84.00827815888852,16.658138635191552,1035.714497454228,Cloudy
37.378163119734616,46.862114420572084,15.554754696290004,1008.9560257681604,Sunny
9.055723412056329,39.0617803463612,9.226099573301973,1017.914294527202,Sunny
19.006249770462272,70.73305505054572,16.414566977115182,1018.6976035719865,Cloudy
25.052436997181832,83.71408309325994,10.626559323301876,1014.9548173155329,Cloudy
25.469805937647422,74.37906621330134,12.826759117391575,1012.011547987607,Cloudy
20.499345285207564,79.92095371611633,28.387616722388294,1017.3597538950005,Cloudy
31.22849932347499,44.864098228610786,25.723688414322783,987.6775391478031,Cloudy
14.323795706174057,31.563786665163125,4.603350104579219,1019.8206949006263,Sunny
23.576205149787064,90.02667303910974,21.637859343033398,1014.2617790366197,Cloudy
26.20295631711899,53.546403223157284,21.491172435932736,1010.7752510322174,Cloudy
30.14438834058749,54.983339670899056,5.813893689979054,1033.4686219571956,Sunny
32.1161487808889,86.56388283698115,21.550221150038887,1006.2506598120945,Rainy
13.753579081621307,71.1246001880132,27.30345534730042,1008.9692401093497,Cloudy
9.658858292643778,69.11775544163216,6.019641550044689,1032.9155330220474,Cloudy
37.77676821898509,103.30004689802168,7.659977431885891,1004.6793869515014,Rainy
28.323140119795916,47.12963539239714,23.14129173474802,1007.4988471706346,Cloudy
17.515134634434464,78.55680256162475,17.171962486605185,1011.5297457656915,Cloudy
40.51151975522523,61.14026249794169,19.411810201916186,1021.4073448212955,Cloudy
26.156746342928585,65.37184557726513,17.724713731203973,1015.0780250735331,Cloudy
36.792971840638266,90.56936852825064,18.125567367425152,1000.0737465284774,Rainy
25.67518481410109,70.15671512579247,4.388222973511336,1007.6783143687281,Cloudy
45.60747924881987,70.76592158099265,23.378541652971585,1006.9264556678779,Cloudy
42.55340842443204,81.45014674619604,24.356719939422188,1012.2277895477696,Cloudy
22.510358515209266,52.70094540914229,13.164874047455777,1017.2584365862983,Sunny
34.71570950954356,43.21580665321987,14.6521844014891,1017.1820575588797,Sunny
31.453759495851475,39.10381611957933,2.751139979554223,995.239882459516,Sunny
38.68631557532349,20.672868212479962,19.114038048142678,1023.6394098756085,Sunny
15.350765394198955,101.12414259880644,19.57645953371315,1015.5256884599662,Cloudy
31.86051459998439,37.93583268556634,14.502471864005512,1026.8453204759392,Sunny
35.58424486849588,55.57492752828456,23.99482687896402,1017.4419832729067,Cloudy
7.412605135768857,54.463734002221585,12.327382152160476,1024.0132295773576,Sunny
13.16741487334225,66.14813395618202,19.516847407148802,1017.6654531145012,Cloudy
4.607678222398995,76.31474425078594,6.842685290463075,1026.4622575620274,Cloudy
22.305931655554424,77.2094697671949,14.811582793006096,1018.2225063601778,Cloudy
32.17542255795962,48.33845122862123,13.605165936777313,1012.020847535571,Sunny
40.02357052096028,56.65756572427177,16.802463376327534,1035.7243472044688,Sunny
25.740947804197752,65.65159900976599,12.04378456933313,1021.8903712227989,Cloudy
41.286155455712915,55.02617747632906,13.948219234626658,1018.7374442100441,Sunny
11.198985417851086,92.14691152039985,21.60837737153205,1000.2369558346167,Rainy
7.966175606448452,69.81949903276502,11.50588610209426,1000.1169238253647,Cloudy
24.444523011033812,74.69755572099635,2.1473831940905654,1015.9271548214185,Cloudy
28.840654489393074,73.25762537334825,28.996671233643365,1014.4552119776824,Cloudy
24.67305251905907,83.4694771497065,26.051632629523894,1006.8587743499169,Rainy
4.325578999601234,63.62043117407414,4.661898439155051,1014.4098269961206,Cloudy
24.108799604872114,34.063361040883066,20.517662441961555,1028.886269280436,Cloudy
11.955304994951469,67.99375903505283,10.976201835589254,1019.954024745503,Cloudy
31.696725488300384,46.97286212416342,17.107897722648477,1001.5899149024726,Sunny
28.665982460968483,49.42766636500487,17.35379303210795,1011.8849117285706,Sunny
15.601202136726448,71.72728037510187,13.124737597469425,1004.9503351914744,Cloudy
19.861330826633065,84.76566142867271,8.729874675308828,1009.1230008359144,Rainy
14.407864781110485,60.425431534721234,9.475671581469925,1008.8638433437036,Cloudy
24.37320902726828,66.17666025197927,7.67046467615006,1008.2235441739599,Cloudy
34.551423205012384,94.04429889270476,8.345422334156442,1000.4486462802661,Rainy
15.142739536644562,64.81506358977137,14.462573679605159,1011.7234531848181,Cloudy
30.040465155178445,112.0336622836079,9.273920087113986,1007.393923631527,Rainy
19.69742381627559,71.31019291263088,20.45641652570096,983.7055130999773,Cloudy
17.071271677376558,24.784744816883645,26.897969242687417,1033.5297202450167,Cloudy
23.92969640045442,75.06683242209066,10.359574069039656,1023.8876965421667,Cloudy
14.64757677580626,67.62316769765556,16.915236004283017,1009.23699275075,Cloudy
19.463506946528177,85.79505508165491,18.99748088242347,1013.188190497406,Cloudy
13.021221074111516,73.46362702539916,18.776018167354195,1001.2834565268244,Cloudy
44.64725132916389,57.23088032032452,15.607642143328698,1029.9572287781086,Sunny
25.352635519717285,35.51403527421269,20.941459346877778,1031.972886947731,Cloudy
18.002744920074143,55.819534854279496,18.857991621445258,1014.5669372824652,Sunny
27.13979910734222,42.989590915814,5.098700621381617,1023.2353064418535,Sunny
23.876719503091703,48.389531003905546,21.953248515114186,1014.7528677893392,Cloudy
22.79030400466777,71.7715680884122,22.09832669813394,999.6327456112407,Cloudy
31.141667000434254,93.39809008702812,8.893711166571347,1008.8817663103634,Rainy
32.57507710047305,67.89343059645962,15.303502683580817,1014.3192796677196,Cloudy
19.694988523894725,36.08233875929631,20.466631942488554,1008.4545228125655,Cloudy
19.2418175935532,68.89205336440281,13.325489443365107,1010.8134672256497,Cloudy
22.24948302848356,83.93262973291303,23.583824382128093,1012.0860044249089,Cloudy
1.9807883526441508,47.804341913612355,33.91097995695489,1012.1912150213454,Cloudy
9.848089378014478,57.31965666654165,8.712111738920141,1013.5225849049748,Sunny
38.66874267444525,60.29376389458394,3.951643174769801,1002.393949336034,Cloudy
41.449677135012834,44.3020337383552,17.430548764839006,1005.8298385087206,Sunny
22.509639604436217,72.96560867687718,20.77250004100915,1000.1541573430003,Cloudy
30.765569630557664,57.58103702784437,13.153069009241849,1022.778155496862,Sunny
28.11250154543536,68.39064887814055,26.626085306568275,991.9435305815967,Cloudy
55.78880808455238,42.250156443958,4.29115360221401,1024.5359034331693,Sunny
36.195749114345766,51.25083399353179,20.543348984252887,1026.8634939726285,Cloudy
23.720824085192334,74.44762715655543,10.153113433928853,1009.9781941301737,Cloudy
15.444595593995743,52.54333695816466,28.75502324965837,986.968629121727,Cloudy
8.935536797424277,94.53927702466811,30.940122825344947,1009.3868943803271,Rainy
27.03463635867223,52.00727628770795,8.866747297733216,1012.3581583871118,Sunny
17.436492547156966,64.49369451503772,10.60354291273136,1002.8940178007109,Cloudy
10.777462904023258,78.65181663746179,21.876703095838415,1007.8478160619176,Rainy
18.534271157574736,31.632685341339368,11.902954801683883,1028.3019519886336,Sunny
14.18451996385605,24.78382376038448,14.636710256542095,1019.6492716230174,Sunny
41.871416350725646,29.486873708598104,15.203107364339282,1003.754358856219,Sunny
33.816397569494505,85.25168206854364,-0.3573852495812506,997.0240083040457,Rainy
24.920273586833826,48.96283708215107,14.889298031246103,1009.7298268239023,Sunny
39.79944138890026,111.16398571336504,9.48217780748661,1010.8654322064956,Cloudy
25.773683076476182,48.71504802685223,11.055017420801825,1017.9619918736331,Sunny
16.387157986717362,63.69102606394074,26.549056027750513,1007.6468328743234,Cloudy
40.23124077269657,90.84219905135751,4.947944845765949,1018.1149957536186,Cloudy
30.389100436846586,100.12185776318246,21.505641493983816,1032.3515404006023,Cloudy
14.627538456735437,101.23007153272795,12.768296557345533,1021.1550102244427,Cloudy
23.096613219163917,84.16732461186285,12.761918652033325,1012.5191149266923,Cloudy
16.24381746615243,80.48125051622925,21.32297516841369,1011.168495289467,Cloudy
11.172002690356639,71.85053898402366,17.720410356551124,1009.4332686582013,Cloudy
34.26177547531641,75.56722152333276,19.56490397775625,1024.8064091245215,Cloudy
44.094166404701305,48.97628567342933,22.74547728426289,1006.726865540487,Cloudy
11.014324261808587,43.63602233155386,12.349532934533418,1013.4522270899998,Sunny
30.629692366905708,59.93251085178096,10.102106123937997,1013.5119790188108,Sunny
18.49357430878173,56.59630754950143,6.318795787537615,1007.9821580718847,Sunny
20.12874616235304,50.9354390134545,8.396715760168359,999.275344521159,Sunny
19.07606075761131,73.92774894913431,38.592755402469805,1016.2297450361767,Cloudy
16.36009230320184,79.10610417141021,24.957436645894294,1012.3899602814462,Cloudy
25.48521627944827,61.768137725836944,4.191405070335829,1018.0024046943657,Cloudy
16.69049883588962,89.55060162110524,4.420336346051439,1007.6639969356083,Rainy
27.70456825779839,37.1662177173299,18.85492849374793,1025.2082129881305,Sunny
24.49761890550863,56.12681081440564,19.378118379023736,1004.2322621878816,Sunny
22.610519531335903,45.6635535879439,19.391070682538917,1030.120402840179,Sunny
15.92436337958402,22.6692676585388,12.960353651570417,995.5236349017174,Sunny
19.232286694316674,58.34638628314602,13.996365919976798,1017.3477006455689,Sunny
32.55391225825756,57.56504983233433,17.62303619327486,1017.7543068252662,Sunny
30.00917187624381,90.26899486484263,15.687144050346642,1005.0444293205911,Rainy
15.224447552014489,72.61623369109554,-2.754402981980281,1017.2439393786101,Cloudy
25.993323054292258,39.5162635134159,13.16160295539845,1025.7951866976016,Sunny
32.51387123371789,97.08185132668376,8.188748525917491,990.8318116064594,Rainy
8.305947188786284,84.42067391050706,16.401691351268095,1018.0274480749082,Cloudy
30.43360192379935,71.64195406937232,38.88207202082728,988.0672917966992,Cloudy
18.373762410541534,55.47031802300336,17.939853323794434,1003.3433519647679,Sunny
30.70598668593159,40.81121526553041,12.491762510620816,1029.2916636490095,Sunny
17.36740843457483,52.55586447857894,22.374412015818017,1007.1821796660795,Cloudy
6.951178993354809,81.77497239408372,18.8615030976737,1001.2612003559103,Rainy
8.724575621168373,97.69172611869217,18.36075592361473,1011.0206227101531,Cloudy
25.48084946661382,90.86487056544378,19.854804745725367,1033.6790633816356,Cloudy
27.597225017214818,50.223011564274515,31.45234851863633,994.6831775279397,Cloudy
15.956833748955914,37.607651334219774,5.952892517392675,1002.4869008836066,Sunny
31.38592458777374,62.81772493822408,18.789056614491635,1027.9743168317962,Cloudy
8.3847993773104,24.63121268874297,7.5889509601476925,1031.5770234353772,Sunny
24.339202013526833,66.46335428369562,19.444101170737987,1011.9656877570972,Cloudy
12.889838002375434,57.04794827402662,7.650507908111245,1000.6094729747335,Sunny
18.48163892197841,50.67926996263515,11.661065491159325,1033.9584350180917,Sunny
25.47398671316414,28.10593865466409,12.63928068609675,1028.944423917492,Sunny
16.395866347160478,70.27200213139433,22.806533754757673,1019.7894698776223,Cloudy
21.154444557701748,49.34598320676177,22.347635551539312,1004.8759765106258,Cloudy
35.0629280921444,36.60166328579424,5.034260988428924,1012.5097065916196,Sunny
19.231081304768512,2.5547557343670135,15.43947288799879,1011.3963991895517,Sunny
33.35692112065142,59.44970189898727,9.32336116200662,1016.3085130461558,Sunny
13.702931453423819,95.44503193339489,4.931960714597324,1027.5100143813133,Cloudy
30.29804177915283,93.2251842909574,13.263863596605036,1021.794170411374,Cloudy
39.415686206579004,50.858074868274564,12.532137692353443,1002.2262392301524,Sunny
0.2835549987271051,47.955758792764385,34.41373189076418,1026.7649645001954,Cloudy
17.031047445295233,69.37548512150047,18.46367860288557,1016.1313214001316,Cloudy
30.7707212718054,40.03229121623417,3.9790599939661018,1019.8706579585892,Sunny
22.969546139570074,66.03583799638932,10.481807966632463,1027.665408592786,Cloudy
28.711458733713087,75.32160556769381,23.171066363435187,1001.8841975048645,Rainy
18.960148132841795,84.53866447768615,31.7075421829594,1012.6417442129354,Cloudy
25.865897874729,57.99691847040094,2.3121335020963336,1007.6854544864078,Sunny
23.443227646079205,55.926524996460685,-0.03939508111236023,997.3214057463455,Sunny
36.67782061659807,42.440348264868774,29.967721402974256,1016.4670997760492,Cloudy
27.54420843301213,43.4623929192028,18.11691341896723,1038.1155655158443,Sunny
28.37602662075202,55.470422161969466,8.053658144989068,994.5992225549425,Sunny
20.881230338775325,67.34731013632356,19.27703268897948,1012.6771938895052,Cloudy
20.123937759275066,78.27169252466499,-6.085981912135022,1019.4054293507477,Cloudy
20.67441812180379,43.9364209863931,15.027004052777288,1014.2307820165618,Sunny
28.94452142378297,89.85377137919043,17.622569382744683,1011.8687194748426,Cloudy
20.79015519179737,54.57752797914863,22.394161116302637,1000.0078363655417,Cloudy
27.89774856896413,59.57265411303128,6.888832381659698,1015.3278674294016,Sunny
45.75400798645439,45.05576641704353,15.685497291226872,1005.4323602298407,Sunny
33.711247034316926,11.515194794541166,7.5966029915233015,991.1007829502145,Sunny
21.73976467832159,77.680907927221,17.043070045394536,1024.9459222051373,Cloudy
37.012139221639444,74.73687794184866,7.837229421095807,1022.5838581984204,Cloudy
20.919246269784487,54.37344885763573,11.735193286718236,1013.5166097685108,Sunny
4.618754648221461,61.33981434449744,7.0334768416781674,1015.2907468820571,Cloudy
14.919136890825959,70.31878435408198,20.209089934589258,1023.7431801271556,Cloudy
6.292080789741444,28.749082862269148,21.867608933253322,1015.2433965677808,Cloudy
21.484865159586914,49.418946453074106,13.12303544034069,1022.0401755476131,Sunny
25.184183791895517,75.88529359243654,15.305903959680228,1010.0251779912614,Cloudy
41.76437312275283,34.914211536615014,3.411268682931647,1026.1198373857394,Sunny
28.269273737641626,65.87115864333259,12.602586815945703,1016.2078572593268,Cloudy
22.808994711911357,32.8683639075319,14.598363063666042,1014.9405194360587,Sunny
33.294055811834895,69.32859964867053,35.966344728239804,1000.2993891128797,Cloudy
2.8886469099211496,59.28717035405033,6.104263793806691,1015.8695585430171,Sunny
27.35614558108566,27.69736368188981,26.7134179100195,1004.6804508250555,Cloudy
32.708651938869664,83.29478708914343,22.974870187726463,1006.617172734715,Rainy
10.214137542201584,45.308168464039014,17.24509123592109,1004.8462437168388,Sunny
36.43754043206929,43.79495125971238,29.068963873561067,1002.3376506810077,Cloudy
28.38496407494414,64.01138394461886,17.976843780854903,1034.2477140301696,Cloudy
20.847120860991986,82.9727469885743,18.11327356534343,1026.313390619884,Cloudy
31.32781866106285,39.68356362043206,14.575034775859637,1032.2036750214427,Sunny
47.70692857804396,61.233596996959434,24.788551059349018,1000.7710498044444,Cloudy
26.818662550584953,68.57633000661146,23.771753870487068,1013.712537499109,Cloudy
27.48220586300336,73.86211214526288,9.9945817000303,1000.064923747959,Cloudy
20.40639100459756,63.528831105544505,4.446022443209861,1006.0430512280294,Cloudy
16.501556305352082,52.65944321833355,13.376154900834743,1003.8187301658343,Sunny
33.303358165442454,43.44819558702561,8.599691484818829,1025.3958400644156,Sunny
16.439161740911327,61.722877660927495,14.49180340307716,1009.0377032189824,Cloudy
25.715662372193925,38.557219760287865,24.899505077473115,1023.6837933369402,Cloudy
20.223425532348834,1.5729903301078565,11.341586759305681,1019.0412088958852,Sunny
29.789798257463918,68.73119608315335,14.657412949507401,1036.0363875210478,Cloudy
28.336621052869482,78.07869682172391,15.464181878467162,998.2055577686027,Rainy
35.375399442578995,12.741351289163234,21.787447057642275,1025.592332397868,Cloudy
19.89983601145253,39.805385905801245,-2.9751146718768418,1024.4644087040074,Sunny
22.301250647066286,72.38308522010395,10.146397641877627,1003.2662116197297,Cloudy
15.212362842176926,101.14990939423397,16.690269538235782,1023.0713333647316,Cloudy
20.557067399238882,60.415874153508156,24.60063165141489,1016.3614496302623,Cloudy
28.773004930448522,45.43994117541731,11.06478041995036,1010.725237400466,Sunny
32.56988616645352,56.34207117790319,-0.012421648334992597,1004.76064513028,Sunny
15.778346758223746,87.4975283829637,19.95769156772909,1005.8089054855081,Rainy
33.6960592010566,47.080716417509294,9.917100889394966,1033.4981209578593,Sunny
38.55637858804951,44.016159866994926,5.48266672727711,1013.0068281895748,Sunny
29.134349032237008,50.34512955635935,10.005236882294207,1020.8213000153146,Sunny
43.76795812558066,40.93342783482575,13.523797138753203,1005.0910061833245,Sunny
17.26210800896427,62.45340631989591,10.162042683694299,1005.2014705377836,Cloudy
12.55345296688583,92.49356916939121,-2.6445284567925533,1023.8198480924995,Cloudy
7.212797510957213,66.46158546232058,22.176529575097057,999.5042378844847,Cloudy
39.96044311489183,54.95292995747425,25.19900033022978,1008.8478623209472,Cloudy
31.543656563540576,54.163774621689114,20.212175930716047,1013.3402741107224,Cloudy
24.44415329089545,28.73618382606686,5.898514636601467,1014.1137260184005,Sunny
27.799686263198204,77.66219554294318,13.388067728419855,1011.2090671498385,Cloudy
13.745109527016234,58.44325605974396,14.947829478164335,1016.9581978109592,Sunny
49.45751979616826,56.390401728187484,19.79035511649528,1019.9285575581781,Sunny
26.292211819752275,123.86215135689721,20.346723909744647,1020.3463754545933,Cloudy
26.093947946048928,65.97505816731372,9.126609609772034,1003.1419619133218,Cloudy
32.25766623898692,44.964178998096315,15.655964451308483,1010.158449020712,Sunny
29.810092317367133,51.47284807588913,18.65824323692193,1024.9476286187694,Sunny
27.238840242791312,82.9689141839351,26.646578577174132,1021.9464718757388,Cloudy
17.095255445546883,62.26540821075529,20.636052318597784,999.2714054851893,Cloudy
29.714683571359956,31.234440433652665,21.31245349900415,1016.5147990035221,Cloudy
43.82024496475034,78.38457869150407,15.670613023434887,993.217747506252,Rainy
38.454200461549775,46.63711828922012,26.28367316162803,1013.4693490206037,Cloudy
40.93186626639397,97.4659555243509,18.278102367675977,1031.9776701674598,Cloudy
19.88784323568815,81.60096131429297,8.111296718611436,1003.5210728273101,Rainy
15.103951797414192,51.053562086824975,26.226959761001524,1004.6567695450842,Cloudy
23.74213079900352,85.62032723470226,20.58322618031222,1020.6402978157286,Cloudy
25.557249122886947,61.357110210548065,11.455647830972142,997.5719848479035,Cloudy
35.94191518470949,77.05547350244439,11.164056260806053,1006.6724497011496,Rainy
8.075353702851807,69.6946563458895,17.372604361126093,1018.9644113758176,Cloudy
40.29550319460614,43.07286690018253,18.705478362140678,1006.657141523106,Sunny
23.419921014210107,47.12900335365076,16.57833812504965,1010.6403001278903,Sunny
20.7311893005258,80.59921635162323,17.49046938754308,1020.4418571031504,Cloudy
14.878956247398325,53.304493357869184,28.599658996611044,1017.2154608353657,Cloudy
8.451433281342307,51.927030735160066,23.572345217879086,1015.668183962954,Cloudy
33.231705839619146,40.89754841301294,16.525084730120195,1009.6087772072996,Sunny
25.733179671884038,68.47198131186923,22.53048464613987,1016.7006111526896,Cloudy
12.100391002589461,101.25049838486291,6.739808771779684,1011.7626731990024,Cloudy
12.04921227936384,38.64934171491454,18.183416399574472,1017.5780560992579,Sunny
21.642153007098717,60.48438913345516,29.474450797864883,1008.0306797488203,Cloudy
41.69021525289393,88.24441110830858,13.25563283686101,1011.1743102562045,Cloudy
22.40408648636395,58.4071721750857,8.218928571047321,1003.1004220744799,Sunny
9.968570468818939,69.04743592499467,9.783288891255514,1012.6499238999377,Cloudy
22.542569359140558,38.75212943706241,6.282935701260893,1004.8899913637116,Sunny
22.272764302523296,68.56614194415297,8.721904734978374,1001.8595354983801,Cloudy
-1.9688664294157157,56.257114699909025,12.035935211279767,1015.5866114785539,Sunny
24.457051334821877,79.71459991359725,3.755463846570864,1015.1273977585766,Cloudy
22.69065469791322,83.74772103129501,15.124946671596824,1020.8287373494858,Cloudy
31.962063648134183,111.79127284037227,22.218217390293177,1008.688744304249,Rainy
43.48956094945345,71.59266346427151,7.737950558824637,1017.0805284683676,Cloudy
36.26565029547757,66.51592633164333,27.154271389134152,1018.5079757227367,Cloudy
22.311113094451695,63.88768603154672,19.086336708220756,1017.447738078316,Cloudy
13.934740912583298,52.936674143786234,23.24464468499246,1004.7434631719785,Cloudy
50.733598032498605,66.76967686923382,9.737323569182903,1014.4936348227119,Cloudy
25.592184340144883,54.091971797219415,21.836201816532927,1016.6414029605467,Cloudy
25.139292919129463,63.36921952539229,6.264528796837496,1013.0717846690794,Cloudy
24.758749128899968,86.3519507121592,22.12198000669207,992.1352234162891,Rainy
26.980847607678548,39.86914869440717,16.37471471834825,1014.6048962397348,Sunny
23.556395880760576,82.7975712225809,19.42600975987827,1035.1253103939723,Cloudy
19.263379931197637,86.34230134679731,5.595243155001187,1009.3996073124301,Rainy
19.531410587596078,57.63862946017842,7.8394412617871625,1005.7192290214468,Sunny
24.672467297840015,17.56290201982811,19.777825746027077,1016.7334855971139,Sunny
19.565752288662352,47.84356025811135,7.413215966206394,1016.1237821046657,Sunny
17.871542173228356,85.93989093122218,18.705650336792985,1024.927351654164,Cloudy
26.06430227691897,59.542638754022356,4.062897548318034,1000.4213184409111,Sunny
22.450227825791448,40.01395535410178,21.785393701333344,1020.3138025257499,Cloudy
40.039929885826886,49.90450157543565,5.139813481851927,1018.9042206125147,Sunny
-1.5096980839301182,76.81240053009105,19.418399501436184,1011.5785346305945,Cloudy
35.91506851922462,70.9346713640276,20.005047469168005,1016.3868731792169,Cloudy
37.46085192497629,55.22135801660611,9.425825452563402,1023.2945748159835,Sunny
4.266097675918505,52.663511763706246,19.656212536677813,1021.7231538002845,Sunny
21.573124059196513,52.16483701912356,17.08353810666845,1001.5698068792627,Sunny
21.285591340042085,41.55179631002995,10.689265150458095,1021.2015818675549,Sunny
10.924883052821787,92.30751378938884,6.931562527390335,1012.3531139496748,Cloudy
17.221833124091248,53.5535906157732,-0.7010055333806324,1013.7287409801552,Sunny
13.894241545341712,84.34317041650993,17.797200378397548,1013.7319699100169,Cloudy
42.52270443423623,90.42632103844903,2.481577829103559,1011.4975701120175,Cloudy
34.35678393147461,79.9662179629592,15.762753595530466,1024.9170749710706,Cloudy
37.71555094994159,51.367593745639034,12.892414271342007,1012.1628204015079,Sunny
32.21672064043235,68.07460180673219,20.433142203505565,1001.8045387161683,Cloudy
13.709482287827708,59.51608787218168,12.583636004081086,1009.0647014403027,Sunny
19.754797337202262,41.92596278539744,12.364417709223268,1014.7869471681048,Sunny
29.89374561227918,66.48718563443207,20.854965634306364,1025.2921478429705,Cloudy
12.778721911080545,36.41920417680395,17.68046423267294,1019.0309468494884,Sunny
32.12998430172388,83.75358776923127,17.529247657462225,1004.4946472125296,Rainy
22.59674601841865,50.70765405403214,18.75414071846821,1037.8518991667888,Sunny
21.251791924504026,64.02319311745678,2.7154230143431537,1015.6477531097798,Cloudy
32.10959968203491,65.66575743092284,21.054309439895857,1025.75390737999,Cloudy
29.4426331148604,54.82190052591845,19.899750352108818,1011.4828556642277,Sunny
21.3903383418092,71.7338760295055,6.866534971388022,1018.3335924470545,Cloudy
36.59329803364248,50.501926867549514,13.04735621060639,1021.394685045184,Sunny
14.189366724001026,77.42594594914488,14.68554169897895,1025.1819471175424,Cloudy
31.159356069442637,33.080406395065026,13.924025724786139,1023.5736830537822,Sunny
30.931012579683838,62.52759159092824,17.67087973254828,1021.7219700007298,Cloudy
21.904535606860097,98.77857998116569,26.450934254649468,1009.849132688059,Rainy
28.26133022242118,39.993373507888506,23.65413382138263,1007.2825395804393,Cloudy
12.48886423614697,46.44510058950297,4.50224645254875,1016.3260751032419,Sunny
34.24027019206901,70.2781569931783,19.976559922448388,1022.3312807234107,Cloudy
23.15097863557011,63.591635638791956,25.63146655628328,1010.7727929922339,Cloudy
19.772769794809605,67.01260198547118,18.09446816551362,1023.6517196571439,Cloudy
35.49009225836889,69.78374260295327,23.727843401487736,1027.5261674548617,Cloudy
17.95656309457241,72.6944293712354,31.09816356560612,1003.8367908092658,Cloudy
10.915387036364404,82.19399683912447,23.18967636885585,1004.6307929620372,Rainy
9.433708264760963,68.19637313857025,16.99446876513383,1011.5962494109466,Cloudy
31.060099513456397,55.17484690762915,23.360707792678028,1016.076126681892,Cloudy
12.19570647503717,73.45147402405462,16.15910266477513,1007.7543298623295,Cloudy
42.54794181984364,97.9976386979043,15.191224346279643,1026.5220267886714,Cloudy
4.1807059211627795,57.34732507234853,12.188686114290139,1017.2406686151845,Sunny
41.96456368290038,40.50941390658717,27.507306870656866,1013.3944704824074,Cloudy
27.110174672026183,82.14161338573945,8.452570672463988,998.6409047613147,Rainy
24.032868881296075,57.59237672092804,27.258941797424928,999.841841835725,Cloudy
19.550809131910505,16.546609079719275,18.99891298992297,1015.8100925028181,Sunny
28.99136114352071,76.94843354300843,3.805550601584468,991.6740437384516,Rainy
24.623652975751515,49.29343628092155,17.94119434393137,1023.1263740964407,Sunny
36.03301882016521,58.189334353916784,-1.8002120612129922,1011.4184615562768,Sunny
26.142276486620396,66.63960661138029,20.004064134648285,1045.4309296959473,Cloudy
26.503017614618777,63.809993595581325,22.08185186391193,1036.079162506161,Cloudy
21.36387787786144,74.1890363427808,10.261152354783572,1011.1855093075249,Cloudy
24.430543762789327,51.29027258860313,15.988381567644659,1011.9366299746869,Sunny
28.078017688920593,70.26211596352165,30.63325947000229,1022.9558151400203,Cloudy
7.898316073433744,54.80906644832166,10.954026365904507,1030.0317260991803,Sunny
11.51814577894287,74.77620961775006,6.528739303547196,996.6197094256398,Cloudy
32.43264094022715,72.30734968026107,26.85330721970079,995.1362453464532,Cloudy
26.70865438127942,41.29122595910809,30.70069752424636,1006.7796519444562,Cloudy
23.160166636473207,81.71964232350064,15.029565374782779,1018.8273758317387,Cloudy
25.18433933065393,49.28073109771904,23.09170428326685,1017.968735905076,Cloudy
28.47581705361671,76.1611559656229,25.73180732424705,1023.6977145498385,Cloudy
19.602403196906387,67.34574626802682,9.060126139692928,1001.0030247163469,Cloudy
17.216952745976872,96.76367353590246,11.117553317057054,989.8385613703113,Rainy
26.958452550976816,55.53068035256295,24.846996105237878,1021.5801419530214,Cloudy
15.21627222384968,53.01366407763605,28.480114229668075,1004.7180372703476,Cloudy
29.08252755714472,59.611607882245345,19.503046881394837,992.8151213561137,Sunny
7.974163957621595,53.93640434331449,7.961485171983566,1014.4506374595938,Sunny
35.29155637325644,75.998838038841,30.89648889359553,1020.9317568821867,Cloudy
29.725974824130432,27.673787831268243,10.752232817504284,1011.7794286787872,Sunny
27.560297343138757,38.92635161707292,12.318897750628386,1008.4215161381751,Sunny
34.82690983945514,38.64394156841614,17.738702675916972,1011.4063776785409,Sunny
41.65474444462576,79.00615183947151,27.433283365718193,1009.2941723759922,Rainy
35.1437006501813,94.2122674516385,21.83180781241779,999.5195288805983,Rainy
6.591257686683548,57.91101562925057,18.318924002895283,1005.8531932300957,Sunny
12.204230332642984,56.623565536199784,18.70630824094485,1018.2127990501382,Sunny
18.751814223043212,61.40104326226363,15.348117349147728,1016.216785413765,Cloudy
25.260910502108338,83.23756605216381,19.46511611614805,1014.6805980596682,Cloudy
30.17659020469123,41.45293731618852,-5.236480621554424,1003.0485151814662,Sunny
17.742561868465344,64.7673796546957,12.627140327441612,1011.1849683786434,Cloudy
26.867667644770783,79.5039525956486,16.930575479334248,991.2293495355715,Rainy
17.446170676466775,70.0218833987969,5.791887331043943,1014.7847666388539,Cloudy
18.884821970080516,63.79163233197487,18.09058654249248,1027.2885770781356,Cloudy
10.933389031517777,80.02092185134282,13.364230232111028,998.2586786795789,Rainy
15.767667538890958,5.9353541400152565,29.04380558652392,1007.1407232668224,Cloudy
11.483153943836664,73.55750639061816,27.584157801718852,1016.2910677871013,Cloudy
15.241267470226672,46.918486337451526,11.273555447054697,1025.5284263442747,Sunny
35.536417966078396,23.387342062870864,13.793298307466438,1008.5177538369985,Sunny
15.50601111168057,70.22405199049962,14.40841947513286,1006.0774967073411,Cloudy
51.32382064837391,87.47317090325916,11.386724190723019,993.3107685758391,Rainy
29.933179008808892,57.251029707446165,16.560199872225013,1014.0343812930811,Sunny
26.84836123694874,79.05749094405877,8.933743448899278,1033.4207604014375,Cloudy
16.416422198187867,92.24556515977291,5.9550773204997896,1015.7735846196467,Cloudy
32.003098794089915,86.29828907168095,19.98168979120215,1012.7772102081628,Cloudy
19.243621737622263,92.79929058742786,20.036236673774486,1016.2208231076698,Cloudy
26.220098146453616,74.84254982143784,8.565473922720061,1012.889079960514,Cloudy
50.60084538268795,61.50867277803186,22.162843446100798,1004.8698562773988,Cloudy
24.0394010027535,27.960683762056632,9.94737816667735,1021.2327991567771,Sunny
36.49273326285676,55.078750237401024,17.02532190430385,1015.2576152311176,Sunny
17.968235748741126,43.13506809367617,21.562752100899647,1013.1761325193365,Cloudy
24.650115095030383,103.41885434995628,14.731099482370295,1003.2463397272174,Rainy
42.7080063563551,56.482283751353265,18.637927297129075,1026.0350793193477,Sunny
18.730329422122324,62.464096135689715,10.868562848899426,1019.6470274533311,Cloudy
43.12448557996929,71.02970752080935,13.428267332575222,1007.470791626327,Cloudy
32.07751935455475,60.87204892744907,13.353124552957278,1023.0182485368193,Cloudy
19.375332241057322,93.90102080861506,9.027373227678089,1008.0242916161479,Rainy
31.32407739055521,47.54701276531096,13.585806695073742,1005.1799650748897,Sunny
34.7255444962673,63.89214910474485,2.6110536090900265,1005.4029688251971,Cloudy
31.218099622171962,45.15058828603904,11.070770022863162,995.2893144691191,Sunny
9.297752801095436,33.599549775585885,12.720996053042633,1017.715423804182,Sunny
17.728628241751316,47.76461818189429,12.950561980036959,994.6885512166165,Sunny
22.52481364448495,59.25926405903176,13.06802043303377,1000.7155616873424,Sunny
24.255665708999537,51.4139555096548,14.50588640111897,992.2441199092146,Sunny
31.20672097550678,46.15158040252288,18.83553214468851,1012.139303072091,Sunny
26.77701000933254,31.873650726563323,21.99613659306018,1011.4967953972813,Cloudy
11.646556412898988,58.337888547426104,9.801878185213862,1009.7330378681363,Sunny
28.801978510059634,29.905592519379955,5.374393156886844,1002.5742230532942,Sunny
31.10585745283823,75.20111927379205,6.663644702055176,1001.2776624656336,Rainy
30.597904479310397,61.64879505869006,11.102376630440583,1017.6436986354657,Cloudy
35.807807255546216,30.84897001070139,12.184629457467928,1007.4944806829151,Sunny
33.33922154548904,53.81581845900273,8.840031470420342,1016.1635832153614,Sunny
29.591800792284367,44.95687188818834,4.631066686000844,1004.1475131387577,Sunny
24.29834288541353,66.3834902083836,11.351033380206495,1014.8106274277109,Cloudy
8.390390664840087,86.80900892046289,16.45141296091177,1026.0327803731607,Cloudy
29.296182191325858,22.496550607085112,19.760235726684517,1018.8616580039278,Sunny
27.07687687163111,62.30052158294834,10.54061557513343,1008.8758618178352,Cloudy
27.715788371953735,56.797344088667195,11.696017422852528,1015.5719897035593,Sunny
12.232514241796906,73.42680152900931,7.586413529221514,1010.5933482546978,Cloudy
14.189434595917376,64.26393256475379,14.748486637001788,1013.0788018469473,Cloudy
35.53152853332904,44.96061336522362,8.212570926473482,1009.7438894785149,Sunny
24.60444846143345,53.618921286667636,19.5850225059296,1011.3566479411461,Sunny
31.815006973726245,44.079482863930224,0.7130680645271106,1015.1209335307418,Sunny
25.283183761304613,81.52014277197196,12.122962620380301,1003.0664130041805,Rainy
25.29756139495745,60.42623297343884,17.408858713533938,1002.8412117301002,Cloudy
34.382838059759976,98.02381371506016,16.470676130580035,999.1145744616879,Rainy
19.839552717826262,58.786783723707586,36.544269311843976,996.9972889549629,Cloudy
25.961207769409835,45.831864661790746,17.79840019654326,1000.8271730777952,Sunny
20.377247112949576,29.725712147743458,6.967563225263918,1014.5946250680413,Sunny
20.655037725676845,23.9372064748811,14.236286023287416,1004.0721248450811,Sunny
21.908278765313607,28.317281139890206,0.7900293322683858,1018.1361446423109,Sunny
27.22133771633713,65.34253302022967,14.355202005625912,1013.3471374875256,Cloudy
20.212513783365225,70.17450046459868,8.33555154399393,993.3149578656195,Cloudy
37.55756125573521,28.376185959357333,22.323122204481294,1019.5497558422169,Cloudy
16.053926977804963,77.90076628152231,10.60367780323572,1021.1079864559171,Cloudy
23.13128355838641,50.33877896633121,14.065872673638028,1003.0613732516515,Sunny
20.60268941725825,62.93586023971099,9.915537268764773,1017.2019154289499,Cloudy
39.46977884353733,92.24441256510849,28.91081081482665,1004.435017625908,Rainy
26.965547765115748,77.93678631731063,12.430057871056707,1013.9767037674834,Cloudy
35.31844539468635,54.629387041883355,29.660456347833616,1000.3550159304503,Cloudy
10.144396269630281,42.17615549169425,21.513214096946133,995.0689354746543,Cloudy
27.670502658692588,16.9636919734139,18.85653381868309,1009.1718281038703,Sunny
33.89630795623437,45.616933615151595,17.949865178540158,1011.7627105372517,Sunny
25.822839892754242,55.77739522344611,18.15037838573001,1009.023203063854,Sunny
35.654803750653514,40.25640945697632,-0.42138063476487986,1001.1596944177744,Sunny
19.827115498996278,57.37486065815391,12.768932846793948,1009.0010093786887,Sunny
39.0934744018558,61.53703765917536,21.761263769474574,1015.6929475258073,Cloudy
47.9889812361925,55.50288036383843,14.608822532207157,1012.5510696987747,Sunny
21.37161439560341,46.99994838353081,3.7584812255713995,1014.8250103059921,Sunny
20.54497478599228,63.37309343933455,14.580764395380244,1006.2988479954577,Cloudy
39.53384477117701,68.83881299138818,28.632844130043928,1024.7171791471617,Cloudy
40.795721457307124,38.19201845114308,24.975133724277754,1001.2382666344522,Cloudy
19.771399728467316,88.2186475949254,14.503967925071747,1017.8756029708671,Cloudy
20.798131829041427,58.02823735431477,22.61159421646469,1024.8189109295997,Cloudy
22.182153911394927,60.37699245889695,12.067943837055585,1017.8090809274889,Cloudy
11.55549488965723,74.16428846513114,1.3690273053862487,1010.9747577293517,Cloudy
15.813480535158018,64.66432262527003,7.604272094963565,1007.7170295333702,Cloudy
14.958592332479322,79.0627326782649,27.50311014806558,1023.3608765104625,Cloudy
17.322024348958713,65.74248330403648,12.808055345365567,998.7702507473832,Cloudy
24.653151126132187,47.75125250719124,13.052928164999855,1003.2987573962035,Sunny
27.342147325365207,67.23007050412204,12.601294429800955,1009.0244223450828,Cloudy
40.50500492814077,37.125475853586764,30.233092716584054,1025.37653757512,Cloudy
15.01645959261209,62.17119411553046,28.007671322896506,1016.797676360409,Cloudy
34.843223984765835,59.335400187110785,32.750241867585075,1003.3195424148976,Cloudy
22.86011155774491,55.83766285454921,13.72763831679959,1009.896922946151,Sunny
24.50536290347567,57.429249771221386,17.36499590997676,1006.856768559037,Sunny
31.748194921666038,22.363019090047217,2.866859604633671,1005.9021100776647,Sunny
13.772779784377015,49.02550184518077,26.815475408946195,1022.7888955855678,Cloudy
28.824097461840505,61.85689802282229,5.65776358985652,999.2825687073649,Cloudy
26.66452208213056,63.19712783994801,16.734204510101033,1029.0878085573438,Cloudy
29.924512640081492,39.44649718148084,6.221579778937247,1021.2822969018463,Sunny
27.891686439078182,85.31415681729402,10.289065386090432,1023.908616706037,Cloudy
49.55300139910894,42.676503035709985,8.301900551602397,1008.3706048797474,Sunny
18.62260015748684,79.38914401053474,10.136997914593458,1011.5005928092089,Cloudy
19.690030449981823,68.5438872374337,10.687018374808172,998.6684818547528,Cloudy
18.768594735752355,47.075453803123935,10.613849640599383,1007.7533759293319,Sunny
19.445228808397452,95.50621785219025,21.666671294242455,1017.9365484764315,Cloudy
18.626128726934823,36.1272633648704,6.161097655499839,1025.9606306178139,Sunny
36.89016531107552,78.38308347220003,16.764331416110934,1001.9284318319754,Rainy
39.20504247989855,80.01164636085957,24.743673218444467,1009.3449406301473,Rainy
19.29253706250524,46.5875958184671,10.894429083892831,1011.4870077976748,Sunny
16.676444268957713,87.84930600128658,9.256648874019184,999.0421079780751,Rainy
29.71415556386404,54.99906970802095,13.155802998557993,1018.913492417584,Sunny
19.477769557190285,65.77387258559715,24.437801666885683,1005.7600966825739,Cloudy
31.32931817755511,65.20643677542441,16.552861047626863,1011.0460964882298,Cloudy
27.029230208513,57.31382517058904,10.750285643139211,1008.4805062808812,Sunny
9.84255885002768,76.21616546319564,18.87101320950432,1005.1066149428033,Rainy
40.47505201330061,75.86977441104426,6.1816628013086135,1012.9295501451944,Cloudy
42.95877673095522,25.029360535236385,20.450876083543584,1010.8439042143198,Cloudy
18.872113095156138,86.08680485756305,18.26885846161414,1009.2814211772134,Rainy
21.12298440064016,26.750160239286515,12.537532230888928,1005.7153837831966,Sunny
27.85865390724905,80.65092408683314,8.291313612422151,1016.1952467078296,Cloudy
28.34456789987025,82.53410273655166,7.906552621732342,1029.5361726849228,Cloudy
31.585442726728303,38.18067139569604,19.27853869076728,1014.3988723283912,Sunny
45.102045387663495,51.7837142409083,24.831844019912495,1022.9611821491113,Cloudy
23.230527725059506,37.88590663028128,9.901538023769643,999.0977807484654,Sunny
17.017027554615463,55.70157939422529,18.667093628411873,1014.5776143929377,Sunny
11.206807719854728,53.839314316285176,-1.69621614881655,1002.0263168102894,Sunny
17.69069960058081,75.59321064538679,10.323058154742403,998.230750724681,Rainy
24.668730271262028,86.20617492239217,14.751528537032785,1005.6062859254097,Rainy
42.94557863517788,87.91367621579911,7.722532664145331,1024.9189933441357,Cloudy
19.823887009638284,48.75663946843396,7.507949001683232,1022.5001582866964,Sunny
27.237879516388986,55.81556252510944,9.65776354824891,1015.430047220544,Sunny
24.83577103927248,26.331236155580996,17.337541826610984,997.6729944011007,Sunny
36.88393273448084,43.88259867007622,13.501367852749002,1011.0371934861206,Sunny
50.26932425873622,79.29703266194915,-2.9058498665997767,1016.0170000890173,Cloudy
19.691312270796793,92.31165647096464,-1.9656012210805294,1014.755362295786,Cloudy
20.10560557481778,35.31302256240156,10.145078577142597,994.5620641651925,Sunny
35.44160877069072,48.15071481694211,18.661492688428417,1004.0968215198013,Sunny
31.818914896263113,59.47188486082146,-6.980038741801877,1012.3592223585129,Sunny
43.46707325736034,65.60322317639213,11.002158590786955,1018.3629090951719,Cloudy
30.83928185325964,43.80792960156708,10.790017147860631,991.0387217890005,Sunny
21.407079092129404,68.48122088928179,26.106702225667583,1011.3787602452014,Cloudy
30.906548306923092,50.523213058581675,11.91982550629709,1014.4304876987895,Sunny
36.087035805829075,59.71095458243442,18.063911877927428,1021.4961198851621,Sunny
33.204821811973645,70.925684960074,16.130057120699707,1019.9285758423744,Cloudy
30.072740311072977,60.12844539621876,-2.0445318384576048,1018.825713188088,Cloudy
35.666746895891535,51.272282189468626,21.1456577330539,1005.0005949329807,Cloudy
36.692955904456724,57.807803921483384,16.723172043650305,993.9199786287669,Sunny
38.82158991037527,58.232740815893294,19.066149117396716,1009.069472429386,Sunny
31.48709887589643,52.59977940235745,46.409901651490614,1023.0163182520856,Cloudy
23.328819196831457,54.82407874665795,-1.6729035159887076,1026.9345452752443,Sunny
26.467136864333227,91.97294341009433,28.79757319808887,1020.1054910229778,Cloudy
37.06508966508357,71.21838895882478,12.700419844797155,1017.2934082280174,Cloudy
16.83064329012764,54.090393639416796,17.298631235224075,1016.7963964838597,Sunny
28.686733088729014,73.93908809021471,14.635902037590062,1007.4388125323921,Cloudy
21.066611876726395,53.3236102048798,11.606109332815652,1011.6993970644638,Sunny
25.287448229348175,83.46249275173282,10.44133657408993,1029.6906952582633,Cloudy
37.78451862607299,67.39284384396188,17.636069884584074,1003.5744199420812,Cloudy
26.910990680199035,57.85395711991542,2.862610426626567,1029.1477879070985,Sunny
25.464365481561487,68.95433851620555,21.004633340174124,1009.7797184550794,Cloudy
11.401438590200808,28.582476958630014,11.670444760917968,1026.2543210909507,Sunny
32.46253566027221,37.4646506218039,5.959445287677138,998.9318499050246,Sunny
31.454841811410752,36.12149987201889,11.399897136033491,1018.8590420116465,Sunny
46.6325472330546,62.85886189527413,25.057193734900583,1005.6322986405238,Cloudy
21.922217650469992,94.65029998970184,10.717319303870216,998.8473280807581,Rainy
27.191503276639388,104.62600292385264,17.867628945676962,1015.1853404241094,Cloudy
27.49383683710755,72.76102202881515,9.152349794276214,1023.0947178859597,Cloudy
40.77453279763475,70.01688949888914,21.063374799388956,1004.5505856140651,Cloudy
24.04704467613048,23.97884531694522,20.484061910321632,998.009840395416,Cloudy
27.79021525770339,49.14652400531956,29.78887066637129,1012.0815523566505,Cloudy
31.078965097165394,44.24432496183522,13.595488436006276,1012.1256467122282,Sunny
26.86609123156358,47.58304803497768,20.349238438063253,1018.483196275545,Cloudy
20.535663854494718,56.63712362830421,15.784540316311556,1022.4959457136449,Sunny
26.940899928983075,50.55818844605746,25.366974254904115,1012.4058481872751,Cloudy
35.73631749859772,20.414003792484245,9.249340899130157,1031.5550331479426,Sunny
14.734847005889398,74.95820512235068,20.96004250301825,1015.242347445353,Cloudy
26.32969674146876,38.54513948520387,13.442421631066546,1009.535734939931,Sunny
17.998791850608267,64.78493728222298,14.486494583132018,996.8843264089717,Cloudy
36.950466289248425,101.48165339499947,15.734019875586982,1010.3734047968384,Cloudy
9.768130952162252,41.61230816827153,17.01792317141342,1009.6361305458886,Sunny
19.410781527284115,9.394249545073407,14.070167655024335,1022.6030479628147,Sunny
28.77211875064521,54.27991556239778,16.71770546536421,1017.6248362406685,Sunny
40.65524029234341,82.01919269997143,27.624944460497474,1001.2063087836739,Rainy
24.34249738927012,99.16694908441187,22.883597484921747,1014.7225438641103,Cloudy
19.448004733068018,35.40900811095166,21.95323673997517,1019.7153117172905,Cloudy
43.8115706944059,69.93398446473043,11.355683791809035,1028.2803135938784,Cloudy
10.51986099583756,50.693790864398935,7.886073374173406,1021.8750396741406,Sunny
3.0119404337991824,57.88103291391729,22.642404465902022,1020.6084665431148,Cloudy
29.400144500533322,112.8868669403407,22.008374340238355,1013.6008599461517,Cloudy
19.979457756473888,29.940593432096936,26.781365406007858,1016.8831200542345,Cloudy
14.787671828692869,65.07479322989147,10.168154992246164,1025.4950490070617,Cloudy
32.08356447299353,69.35386343530867,13.163610757117223,999.6722260252035,Cloudy
27.43800713771199,81.71572649878695,1.8841266997965267,1009.5056067278305,Rainy
19.359213692632714,61.95966306941791,11.860231151513016,1005.2743125124376,Cloudy
12.196956013291055,66.16101079008205,22.97256408463558,1016.7915311872613,Cloudy
33.724573282801444,52.16702865156418,11.268036966174417,1025.3022217565078,Sunny
31.50201177958661,65.38253882490214,20.12383836160659,1007.0302571327893,Cloudy
24.00824136220617,53.136154490051794,13.47597515201751,989.0969563253057,Sunny
43.466369960476655,72.43143779712102,17.592456225772484,1008.8777925497553,Cloudy
14.299152336738475,52.60779327912732,5.8184688814746615,1022.134737320174,Sunny
9.74474829075261,67.54200787804373,15.681675597071209,1018.3762990294988,Cloudy
18.080919301187556,59.414743726300436,-8.929087767205786,1017.2818624781057,Sunny
24.544139836445023,82.52100501544336,13.504830734704122,1010.2000669812552,Cloudy
27.433394493226917,58.97212552823027,1.956214050278879,1000.2096926378022,Sunny
22.587639421436702,24.53935063586237,24.647956132374528,1018.1529432162447,Cloudy
28.520553965142966,85.23843001427983,21.21925882211609,1004.6571818996538,Rainy
12.48460575809556,41.88535398274762,18.73336785572865,1034.8409673338047,Sunny
39.437646040732595,46.924673227023604,27.16804981727504,1018.7050720835451,Cloudy
24.178488216074314,48.086774119130155,7.408667833401302,1007.1935169744605,Sunny
36.172958315881274,87.48876186341634,28.978905583324465,1006.8861475261137,Rainy
28.427253463777042,17.286515720426088,22.457532514083077,1012.0705579338642,Cloudy
29.56753219153784,122.75497067319988,13.107557702248432,1010.6049807797825,Cloudy
30.69767280232204,81.12113618132103,24.084961177463555,1024.1683377552995,Cloudy
29.477085600173147,64.4647782825832,6.149651900706926,1014.8641616974404,Cloudy
31.42722759867544,58.902119987674276,8.40388670777861,1005.6836826109147,Sunny
38.29152530132431,65.71108149715315,10.131282214082397,1031.9044068515577,Cloudy
26.965211697014702,70.42244856758677,10.768178335487878,1013.4930833152022,Cloudy
32.09003757588512,72.90431171900114,6.547538857917978,1020.688396759689,Cloudy
24.102643057127732,71.11208932006897,24.784664536762598,1006.9177349255524,Cloudy
39.40117215449473,61.79161362510498,12.929164797041347,1016.6311562774453,Cloudy
18.2360769794073,56.053231593853475,17.820039746855038,1016.111099911432,Sunny
43.00940432910816,56.97453432692976,10.437189068690556,994.1035070790384,Sunny
24.598420493556567,56.10183439294638,0.43517359561186275,1033.1527511046063,Sunny
10.692248978819519,82.67540193734129,17.160458867131375,1025.9064446092254,Cloudy
26.281044149107892,71.87113444561723,-0.2980398033582148,1009.0280468385401,Cloudy
18.18948342525119,1.1922273067143934,14.450927631316251,1001.9773025954414,Sunny
33.406435489887244,73.11801553059522,4.053479689337516,1016.4756161380355,Cloudy
18.473760206976092,63.894723894375495,30.898207993846462,1013.866976994144,Cloudy
20.538165667852205,59.62582487108205,22.290901777397774,1016.5566894856323,Cloudy
6.104592690544692,52.229630938222286,15.846030330171843,1014.9157739619409,Sunny
20.476936807509233,82.48225439972026,25.109653421237347,1018.0624098930592,Cloudy
0.7612067337104342,78.95052924245715,8.229472180274113,1027.4730569939181,Cloudy
9.160971765142767,44.54244664352782,19.347835029360745,1018.6810320512865,Sunny
32.604146561442974,68.1410457424907,16.59848346974971,1002.5034450109006,Cloudy
32.85800158650832,40.566865309174275,17.11216065066936,1026.6256285271245,Sunny
29.254575617849646,32.40763670422139,25.178828000854143,1029.406145634883,Cloudy
15.33023856870787,47.4656555082007,20.859936822238417,1044.5205673451208,Cloudy
24.5228864385802,77.24786944765518,17.309789302600187,1001.765059667604,Rainy
24.963974609094315,79.06250090752174,1.7609005101736308,1015.4288201315028,Cloudy
13.416353108074572,70.26170840194587,7.31962963776429,992.1790129681101,Cloudy
40.0339830176715,74.50191573695994,14.018328531234207,1018.5314915637921,Cloudy
33.77362290575671,70.32356574229917,15.74697899421321,1007.5179970183323,Cloudy
22.79035826170336,47.17036809554095,5.958370202608609,1032.2344579482494,Sunny
25.268858389945308,68.63845089347882,34.29341340462737,1005.2538502998142,Cloudy
27.083828079475524,76.00819050455365,27.131152442028583,996.1081696203274,Rainy
4.582651315757094,75.08582659627149,19.81694656313987,1008.2873625929748,Rainy
22.528226174794032,83.77826742949286,15.576294890269958,993.2451222878286,Rainy
18.180157520022014,74.16607694402127,13.302328240790786,1020.5109945450731,Cloudy
14.983799901050844,67.02896415083165,7.3846523198221155,992.3491695374368,Cloudy
22.188997071140452,81.40300476632855,15.6198441481509,1013.2845758118316,Cloudy
42.976865268495224,59.469574815018795,17.062020321142004,992.221881801438,Sunny
31.4084286126701,42.36250697544564,5.065915396147005,1009.7970219546336,Sunny
19.28821010217203,56.738660721124724,17.67341133795918,1029.4337815580454,Sunny
30.725827813561587,45.10194710387102,13.75792760940201,1016.6064789143579,Sunny
